,username,user id
0,Lockheed Martin Space,@LMSpace
1,Northrop Grumman,@northropgrumman
2,Boeing Airplanes,@BoeingAirplanes
3,F-35 Lightning II,@thef35
4,Airbus,@Airbus
5,Defense News,@defense_news
6,J.J.,@kadonkey
7,ULA,@ulalaunch
8,Boeing Defense,@BoeingDefense
9,Blue Origin,@blueorigin
10,Embraer,@embraer
11,Relativity Space,@relativityspace
12,GE Aerospace,@GE_Aerospace
13,The War Zone,@thewarzonewire
14,Airbus Space,@AirbusSpace
15,David Willis,@ThePrimalDino
16,FlightGlobal,@FlightGlobal
17,Sierra Space,@SierraSpaceCo
18,The Boeing Company,@Boeing
19,Beechcraft,@Beechcraft
20,DANYAL ABBASI,@DanyalAbbas149
21,AlexanderLDavis,@ALXNDRLDVS
22,AVIation AIRcraft,@MkKumar38178985
23,Billie mae Ramsey,@transgirlmods
24,Yuki Abe,@rajendr60831854
25,Camanche Patriot,@KhushNaseebKaur
26,Grant Hector,@granthector1980
27,Nishtu63,@nishtu63
28,viet_the_king,@NTryston
29,Fershanda,@Fershandawijaya
30,Green,@Greenofficial92
31,Madan Kumar,@MkKumar38178985
32,fidel angel,@f_fjrm
33,VinÃ­cius Fabiano,@viniciusluso
34,DANYAL ABBASI,@DanyalAbbas149
35,AlexanderLDavis,@ALXNDRLDVS
36,Raguel,@VPT6894
37,Zak Meagor,@MeagorZak
38,MidiExpress,@Midiexpress1
39,Carlos Ventura,@CarlosV67627191
40,Sazuka S,@s_sukazu
41,Dave Harvey,@daveharv06
42,rockpilerookies,@rockpilerookies
43,Carlos SÃ¡nchez,@Carlos_SzCz
44,TokyoRWS,@TokyoRWS
45,johnxx,@hyakey
46,futana nebuna pula cur,@rapespam
47,Al ZA3EM,@AdelAbdu4
48,Jovan,@Jovan12553484
49,BlazeWits,@BlazeWits123
50,Rolando Hansen,@HansenRolando
51,LYBGUK,@lybguk
52,Schk_,@SchkTwitch
53,Leonardo,@leogschuler
54,HHZZ,@wenhu94920437
55,JordanM06,@jordan50134
56,R. Ari van Riyandi,@R_Ari_van_R
57,Ben Wilkinson,@wilko_bp1
58,cgiles98,@cgiles98
59,Sazuka S,@s_sukazu
60,Dave Harvey,@daveharv06
61,rockpilerookies,@rockpilerookies
62,Carlos SÃ¡nchez,@Carlos_SzCz
63,TokyoRWS,@TokyoRWS
64,johnxx,@hyakey
65,futana nebuna pula cur,@rapespam
66,Al ZA3EM,@AdelAbdu4
67,Jovan,@Jovan12553484
68,BlazeWits,@BlazeWits123
69,Rolando Hansen,@HansenRolando
70,LYBGUK,@lybguk
71,Schk_,@SchkTwitch
72,Leonardo,@leogschuler
73,HHZZ,@wenhu94920437
74,JordanM06,@jordan50134
75,R. Ari van Riyandi,@R_Ari_van_R
76,Ben Wilkinson,@wilko_bp1
77,cgiles98,@cgiles98
78,Khaliq Noor,@KhaliqNoor39962
79,Drangkro Aerospace,@DrangKro
80,Shawn Swiatkowski,@shawn_swi
81,ã¨ã‹ã’ãƒã‚¦ã‚¹,@Tokagehausu
82,skele,@_Shadowskele_
83,Walker X î¨€,@hashtag__cyber
84,Emmanuel,@MannyMelee
85,Mav,@madmav1618
86,Mrs. Brlingm,@brlingm39932
87,i0de502,@i0de502
88,Vinicius Santini,@VSantiniLobo
89,è‰¾åˆ©è¦ª,@ilqn17
90,Fella38,@Fr0zzeN38
91,odiocm,@odiocm
92,Murat BaÅŸtuÄŸ,@bastugm7335
93,Ù…ÙƒÙŠ | MAKKI,@makkislah
94,ThE GuY WhO IS IntO AlL SortS OF StufF,@InOlmsted
95,Priyanka jain,@Priyankajain004
96,Charlie Chen,@CharlieChen3999
97,napps,@159echo
98,Carlos Ventura,@CarlosV67627191
99,Shawn Swiatkowski,@shawn_swi
100,ã¨ã‹ã’ãƒã‚¦ã‚¹,@Tokagehausu
101,skele,@_Shadowskele_
102,Walker X î¨€,@hashtag__cyber
103,Emmanuel,@MannyMelee
104,Mav,@madmav1618
105,Mrs. Brlingm,@brlingm39932
106,i0de502,@i0de502
107,Vinicius Santini,@VSantiniLobo
108,è‰¾åˆ©è¦ª,@ilqn17
109,Fella38,@Fr0zzeN38
110,odiocm,@odiocm
111,Murat BaÅŸtuÄŸ,@bastugm7335
112,Ù…ÙƒÙŠ | MAKKI,@makkislah
113,ThE GuY WhO IS IntO AlL SortS OF StufF,@InOlmsted
114,Priyanka jain,@Priyankajain004
115,Charlie Chen,@CharlieChen3999
116,napps,@159echo
117,Flavius Octavio,@FlaviusOctavio
118,youchang7@gmail.com,@ZachBradysDad
119,Buyinza Tonny,@BuyinzaTonny
120,Darvin Bowen,@Enkelkind
121,Henri S,@Henri_s19
122,æ®·æ•¬å ¯,@Tony_YIN_581
123,''Lobao'',@Gui_Lobao_Lobo
124,shaldag,@shaldag5101
125,3arbi ingenieux,@RebeuIngenieux
126,PiipertÃ¤jÃ¤,@KivelaPetri
127,@mastrmindz,@mastrmindz_
128,Tarik Daoud,@Tarikd993
129,xiang liu,@aa5279aa
130,Kimberlee Stevens,@Stevie_369
131,P.K,@PooKHoo
132,idq,@IntermariumBG
133,Alessio Improta,@aleimpr
134,Shravan M N,@ShravanGowda
135,Khurram Masood,@Khurram65879112
136,defence industry,@researcherdef
137,Drangkro Aerospace,@DrangKro
138,Darvin Bowen,@Enkelkind
139,Henri S,@Henri_s19
140,æ®·æ•¬å ¯,@Tony_YIN_581
141,''Lobao'',@Gui_Lobao_Lobo
142,shaldag,@shaldag5101
143,3arbi ingenieux,@RebeuIngenieux
144,PiipertÃ¤jÃ¤,@KivelaPetri
145,@mastrmindz,@mastrmindz_
146,Tarik Daoud,@Tarikd993
147,xiang liu,@aa5279aa
148,Kimberlee Stevens,@Stevie_369
149,P.K,@PooKHoo
150,idq,@IntermariumBG
151,Alessio Improta,@aleimpr
152,Shravan M N,@ShravanGowda
153,Khurram Masood,@Khurram65879112
154,defence industry,@researcherdef
155,John Culleton,@john_culleton
156,ilChiodo,@ChiodoCarlo
157,YEM,@safezoneYEM
158,lorenzo danelli,@lorenzodanelli
159,MD Dick,@MDDick3
160,Lillian Volk,@8tacticalbengal
161,Richard King,@just__peeking
162,declan_sicarius,@DizoPlayz
163,Jessica White-Martin,@MartinWhit14345
164,Mirielle H,@HMiriellej
165,Andrew,@Andrew93519955
166,Stephen Gichuhi,@gichuhi_mahinda
167,Aidan,@NeutralAnomaly
168,Walker,@BuckSargeB
169,Dante,@Dante83812733
170,Rinzler,@Rinzler11826912
171,Cindy Johnson,@CindyJo04739517
172,Kux,@Kuxtic
173,Honorato Blanco,@honoratoblanco
174,HervÃ© Xamanek Raimboeuf GutiÃ©rrez,@XamanekRg
175,youchang7@gmail.com,@ZachBradysDad
176,Buyinza Tonny,@BuyinzaTonny
177,MD Dick,@MDDick3
178,Lillian Volk,@8tacticalbengal
179,Richard King,@just__peeking
180,declan_sicarius,@DizoPlayz
181,Jessica White-Martin,@MartinWhit14345
182,Mirielle H,@HMiriellej
183,Andrew,@Andrew93519955
184,Stephen Gichuhi,@gichuhi_mahinda
185,Aidan,@NeutralAnomaly
186,Walker,@BuckSargeB
187,Dante,@Dante83812733
188,Rinzler,@Rinzler11826912
189,Cindy Johnson,@CindyJo04739517
190,Kux,@Kuxtic
191,Honorato Blanco,@honoratoblanco
192,HervÃ© Xamanek Raimboeuf GutiÃ©rrez,@XamanekRg
193,Julio Navarro,@skullpr6
194,"Agus Yuliarto Eko SP., SE. | Calon Menteri.",@Gus_EkoKalteng
195,N H,@NickHorch
196,John Shen,@xuxnshn1
197,åº¶æ°‘,@ShanxiXian93093
198,Theodore Buterman,@Amtrak822
199,coach kenny,@BareJordan23
200,TANIMURA Shogo,@tani6s
201,GlennF,@SpaceGuyGlenn
202,ABOKOM GROUP,@AbokomGroup
203,Tyler Hoffman,@hoffman5190
204,Asif Malik,@AsifMalik45
205,Leonardo Berretta,@lberretta88
206,Kayci Johnson,@kaycijohnson
207,Doug Miller,@DougPhotoMiller
208,Roki,@Roki22695057544
209,BadBilly,@BadBilly6669
210,Nishan,@Sekhon_99
211,Boterhamlul,@dutchfnafman
212,SOMPO CYBER SECURITY,@SompoCyber
213,ilChiodo,@ChiodoCarlo
214,John Shen,@xuxnshn1
215,åº¶æ°‘,@ShanxiXian93093
216,Theodore Buterman,@Amtrak822
217,coach kenny,@BareJordan23
218,TANIMURA Shogo,@tani6s
219,GlennF,@SpaceGuyGlenn
220,ABOKOM GROUP,@AbokomGroup
221,Tyler Hoffman,@hoffman5190
222,Asif Malik,@AsifMalik45
223,Leonardo Berretta,@lberretta88
224,Kayci Johnson,@kaycijohnson
225,Doug Miller,@DougPhotoMiller
226,Roki,@Roki22695057544
227,BadBilly,@BadBilly6669
228,Nishan,@Sekhon_99
229,Boterhamlul,@dutchfnafman
230,SOMPO CYBER SECURITY,@SompoCyber
231,Pinkles,@Pinkles1687151
232,Black Star,@StarSt42500264
233,Joe Oberman,@ObermanJoe
234,Thania O,@tem57526
235,WhaWha_nYr_Buhh,@NyrButt
236,Bureau of CENTRAL Interpol,@AlphaOmegaGen
237,Shashi Reddy,@shashredd
238,Kenjataimu,@kenja__taimu
239,VABulous,@MrsFittest
240,NotLukas96,@NotLukas96
241,Milena,@frazerjm
242,Sam,@SaikoSassanack
243,Jemuel Ramirez,@jemboyramirez
244,Birdy Yeoman,@yeom42289
245,Alejandro Noriega,@alejandronsrz
246,Sherif Shikoo@yahoo.com,@SherifShikooya2
247,Kazama,@F5_Kazama
248,M Ross Gray,@MRossGray187794
249,åœ°ç„é™¸å£«,@mRf0slcEfedNZ6D
250,Ep3,@Ep362364818
251,N H,@NickHorch
252,Thania O,@tem57526
253,WhaWha_nYr_Buhh,@NyrButt
254,Bureau of CENTRAL Interpol,@AlphaOmegaGen
255,Shashi Reddy,@shashredd
256,Kenjataimu,@kenja__taimu
257,VABulous,@MrsFittest
258,NotLukas96,@NotLukas96
259,Milena,@frazerjm
260,Sam,@SaikoSassanack
261,Jemuel Ramirez,@jemboyramirez
262,Birdy Yeoman,@yeom42289
263,Alejandro Noriega,@alejandronsrz
264,Sherif Shikoo@yahoo.com,@SherifShikooya2
265,Kazama,@F5_Kazama
266,M Ross Gray,@MRossGray187794
267,åœ°ç„é™¸å£«,@mRf0slcEfedNZ6D
268,Ep3,@Ep362364818
269,Patrick de la Garza,@Pdelagarza
270,DrunkMan,@AJFM1
271,TattChris59,@Chris59Tat20505
272,W.e.s.t..G.o.o.n,@Kijanamandazi
273,Aidas Krapikas,@aidas_krap48892
274,Jacek ZagoÅ¼dÅ¼on,@jacekzagozdzon
275,Space Fridays,@FridaysInSpace
276,âœ«ğ‘½ğ’Šğ’ğ’ğ’Šâœ«,@SilSil_2k23
277,Qi Britain,@QiBritain
278,Saul Porgess,@PorgessSaul
279,Mr. Real Estate,@StevenRLosey
280,Tyler John Bailey,@TylerJohnbailey
281,Ghoulslayer22YT,@GhoulSlayer22
282,Heather Sivey,@heatherjsiv
283,0xHiro / ãƒ’ãƒ­,@hiro_codes
284,Aungkito Mugdho,@AungkitoM
285,Citizen of world,@KanwarHayat
286,Abbas Ghaznavi,@AbbasGhazn19052
287,GuardianILER,@GuardianIler
288,BozkÄ±rda Deniz KabuÄŸu,@EllFaatihaa
289,Black Star,@StarSt42500264
290,TattChris59,@Chris59Tat20505
291,W.e.s.t..G.o.o.n,@Kijanamandazi
292,Aidas Krapikas,@aidas_krap48892
293,Jacek ZagoÅ¼dÅ¼on,@jacekzagozdzon
294,Space Fridays,@FridaysInSpace
295,âœ«ğ‘½ğ’Šğ’ğ’ğ’Šâœ«,@SilSil_2k23
296,Qi Britain,@QiBritain
297,Saul Porgess,@PorgessSaul
298,Mr. Real Estate,@StevenRLosey
299,Tyler John Bailey,@TylerJohnbailey
300,Ghoulslayer22YT,@GhoulSlayer22
301,Heather Sivey,@heatherjsiv
302,0xHiro / ãƒ’ãƒ­,@hiro_codes
303,Aungkito Mugdho,@AungkitoM
304,Citizen of world,@KanwarHayat
305,Abbas Ghaznavi,@AbbasGhazn19052
306,GuardianILER,@GuardianIler
307,BozkÄ±rda Deniz KabuÄŸu,@EllFaatihaa
308,ğ•¬ğ–‘ğ–Šğ–_ğ•¾ğ–ğ–†ğ–‰ğ–”ğ–œ_ğ•¹ğ•²,@AlexShadowNG
309,SparklySpencer,@GayGodSparkles
310,Gregory Vinton,@gregory_vi57937
311,Sanchez joel,@sanchezjoelg709
312,Ken,@KenWiggs
313,juanitodoritto,@juanitodoritto
314,Dawid Andrzejczuk,@Andrzejczuk_D
315,,@CozyHorizon
316,Joel Bachelier,@jrbachelier
317,casuzen,@casuzen
318,ranjan sharma,@ranjansharma82
319,Lil Twisjay,@twisjay
320,EssexEmergencySpotter,@gamingblade13
321,Almoezledinallah,@Almoezledi21712
322,Marko Vidojevic,@MarkoVidoj48648
323,Krikri Super,@KrikriSuper
324,.,@196di_
325,Mike Denzinger,@mdenzinger
326,BenBara,@Benedic52071283
327,Tywon Williams,@TheBHCU
328,DrunkMan,@AJFM1
329,TattChris59,@GayGodSparkles
330,Gregory Vinton,@gregory_vi57937
331,Sanchez joel,@sanchezjoelg709
332,Ken,@KenWiggs
333,juanitodoritto,@juanitodoritto
334,Dawid Andrzejczuk,@Andrzejczuk_D
335,,@CozyHorizon
336,Joel Bachelier,@jrbachelier
337,casuzen,@casuzen
338,ranjan sharma,@ranjansharma82
339,Lil Twisjay,@twisjay
340,EssexEmergencySpotter,@gamingblade13
341,Almoezledinallah,@Almoezledi21712
342,Marko Vidojevic,@MarkoVidoj48648
343,Krikri Super,@KrikriSuper
344,.,@196di_
345,Mike Denzinger,@mdenzinger
346,BenBara,@Benedic52071283
347,Tywon Williams,@TheBHCU
348,ğ•¬ğ–‘ğ–Šğ–_ğ•¾ğ–ğ–†ğ–‰ğ–”ğ–œ_ğ•¹ğ•²,@AlexShadowNG
349,vixen,@ok1doki_
350,#UsutTuntasPembantaianAremania01102022,@ErickConstant14
351,Elking MT,@ElkingMT
352,Frank89,@Frank891010
353,azririch88,@azririch88
354,Dmytro,@dmitro_klimenko
355,Chico Jensen,@smith460xvr
356,Yuuuur,@babalicious2024
357,CAS Space,@cas_space
358,Tyler Kramer,@_tylerkramer
359,JALT-G,@jessen_marciel
360,å¤šä¼¦å¤šä¸è¦Bè„¸,@5zH13
361,Tynesha Taylor-Hyman,@Ttaylorhyman
362,Zakaria Belkaid,@belkaid_zakaria
363,ğ•°ğ–“ğ–Œğ–ğ–“ğ–Š,@user1870000
364,Space Outpost,@outpost_space
365,Eric Nuckols,@eenuckols
366,Lorie Gerdes,@gerdes_lorie
367,Afolayan olorunleke,@afolayanlekki
368,Shalini Biswas,@shalini_biswas9
369,Husk Fitch VII,@HuskFitch
370,Chris Bro,@Rexyboi77
371,Daniel Wohlstein,@dwohlstein
372,Geliebter,@Geliebter188601
373,Wacek Wacek,@WacekWacek3
374,Ø£Ø­Ù…Ø¯ |,@ahmed23021025
375,April S. Axelrod,@ma1ncenter
376,ç•¥å‘¼å‘¼,@Luehuhu2033
377,KhÃ¡nh VÃµ,@HoangKhanh2801
378,Abdurrahman KÃ¶koÄŸlu,@AbdurrahmanKkgl
379,AeroBusiness,@aero_business
380,Discord Lies,@Discord_Lies
381,BUKOMBEJR_ATHU,@Bukombejr_athu
382,osman,@osmanmalik93
383,Gohan,@JordanNonki
384,Jaime Molina,@jaymo808186
385,Afolayan olorunleke,@afolayanlekki
386,Shalini Biswas,@shalini_biswas9
387,Husk Fitch VII,@HuskFitch
388,Chris Bro,@Rexyboi77
389,Daniel Wohlstein,@dwohlstein
390,Geliebter,@Geliebter188601
391,Wacek Wacek,@WacekWacek3
392,Ø£Ø­Ù…Ø¯ |,@ahmed23021025
393,April S. Axelrod,@ma1ncenter
394,ç•¥å‘¼å‘¼,@Luehuhu2033
395,KhÃ¡nh VÃµ,@HoangKhanh2801
396,Abdurrahman KÃ¶koÄŸlu,@AbdurrahmanKkgl
397,AeroBusiness,@aero_business
398,Discord Lies,@Discord_Lies
399,BUKOMBEJR_ATHU,@Bukombejr_athu
400,osman,@osmanmalik93
401,Gohan,@JordanNonki
402,Jaime Molina,@jaymo808186
403,Lorie Gerdes,@gerdes_lorie
404,Afolayan olorunleke,@afolayanlekki
405,Shalini Biswas,@shalini_biswas9
406,Husk Fitch VII,@HuskFitch
407,Chris Bro,@Rexyboi77
408,Daniel Wohlstein,@dwohlstein
409,Geliebter,@Geliebter188601
410,Wacek Wacek,@WacekWacek3
411,Ø£Ø­Ù…Ø¯ |,@ahmed23021025
412,April S. Axelrod,@ma1ncenter
413,ç•¥å‘¼å‘¼,@Luehuhu2033
414,KhÃ¡nh VÃµ,@HoangKhanh2801
415,Abdurrahman KÃ¶koÄŸlu,@AbdurrahmanKkgl
416,AeroBusiness,@aero_business
417,Discord Lies,@Discord_Lies
418,BUKOMBEJR_ATHU,@Bukombejr_athu
419,osman,@osmanmalik93
420,Gohan,@JordanNonki
421,Jaime Molina,@jaymo808186
422,UK,@KkeisukeE
423,Gam Mohatarem,@GamMohatarem
424,Complex_tape1,@illumin17466826
425,DustinStensjÃ¶,@DStensjo
426,Ù…Ø­Ù…Ø¯ Ø§Ù„ØºØ§Ù…Ø¯ÙŠ,@mmdlgmd64447911
427,www.srankgirls.com,@srankgirls
428,Joel Suematsu,@joel_suematsu
429,Dane Benson,@DaneBenson08
430,RadomÃ­r Jahoda,@RadomirJahoda
431,Orkun Surmeli,@OrkunSurmeli
432,Chirayu Murali Urs,@urs_chirayu
433,baysd baysd,@lauraamoral0732
434,XinTian,@XinTianFcww
435,David Rosario,@David_R077
436,çº¢è±†è–ç±³èŒ¶,@hngduymch1
437,ShahViratS,@ShahViratS6
438,yuvchenko.ihor,@IGRICUS
439,steaL,@steal_arch96
440,Durbek Farmon,@dshayboniyxon
441,Josh is typing,@Soviet_Teo
442,Lorie Gerdes,@gerdes_lorie
443,Afolayan olorunleke,@afolayanlekki
444,DustinStensjÃ¶,@DStensjo
445,Ù…Ø­Ù…Ø¯ Ø§Ù„ØºØ§Ù…Ø¯ÙŠ,@mmdlgmd64447911
446,www.srankgirls.com,@srankgirls
447,Joel Suematsu,@joel_suematsu
448,Dane Benson,@DaneBenson08
449,RadomÃ­r Jahoda,@RadomirJahoda
450,Orkun Surmeli,@OrkunSurmeli
451,Chirayu Murali Urs,@urs_chirayu
452,baysd baysd,@lauraamoral0732
453,XinTian,@XinTianFcww
454,David Rosario,@David_R077
455,çº¢è±†è–ç±³èŒ¶,@hngduymch1
456,ShahViratS,@ShahViratS6
457,yuvchenko.ihor,@IGRICUS
458,steaL,@steal_arch96
459,Durbek Farmon,@dshayboniyxon
460,Josh is typing,@Soviet_Teo
461,Saikat Saha,@Saha_Saikat27
462,Mr Dale Ian John Banks,@MrDagztar
463,Kris Weisshaupt,@MAPlaboratory
464,Serg,@_Serhij_
465,Gio Collica,@CollicaGio
466,ã‚¿ãƒ­ã‚¦,@rYGPdWS2SKqQZWd
467,Shaun Laranjeira,@ShaunLaranjeira
468,Aled Jones-Duffey,@CoolUsernameEhh
469,KF,@tomyzhao
470,douglas rockefeller,@douglasroc20672
471,AlexGamer99,@AlexGamer9910
472,Sean Carty,@SeanCar6856570
473,One Hand Gaming,@RacesArya
474,Alpha Liu,@phaLiu
475,MÃ­rian Sena,@miriansena29
476,Emz,@Emz45111744
477,MarkV,@mvelhot
478,æŠ•è³‡è‚‰å¸³å¤§å”,@stockojisan
479,edgardo,@egayghostx
480,Fred,@CanoMar55
481,Gam Mohatarem,@GamMohatarem
482,Serg,@_Serhij_
483,Gio Collica,@CollicaGio
484,ã‚¿ãƒ­ã‚¦,@rYGPdWS2SKqQZWd
485,Shaun Laranjeira,@ShaunLaranjeira
486,Aled Jones-Duffey,@CoolUsernameEhh
487,KF,@tomyzhao
488,douglas rockefeller,@douglasroc20672
489,AlexGamer99,@AlexGamer9910
490,Sean Carty,@SeanCar6856570
491,One Hand Gaming,@RacesArya
492,Alpha Liu,@phaLiu
493,MÃ­rian Sena,@miriansena29
494,Emz,@Emz45111744
495,MarkV,@mvelhot
496,æŠ•è³‡è‚‰å¸³å¤§å”,@stockojisan
497,edgardo,@egayghostx
498,Fred,@CanoMar55
499,Filipe,@Filipe__007
500,UR Mum,@Browndog066
501,å…«åç”° å®Ÿ,@makotoyasoda100
502,Justin Spaulding,@Pilotplumbing
503,Robert Grass,@RobertG80994529
504,Edge Runner,@Sandevistan27
505,Tuna Han Yurtseven,@Geridenberiden
506,Dylan Parks,@xdylanux
507,Lucas Franco,@unutoiul
508,Cobus,@felixdixie
509,zinhle zama,@OsasInvestor
510,NjT,@TankerMindSet
511,Gary Fears,@Fears2Gary
512,Bob,@Bob83345109
513,Space Society,@_SpaceSociety
514,kalwecaramalac,@kalwecaramalac
515,Brayden Matthews,@BTMReserch
516,Keba,@keba_exe
517,promise baadom,@BaadomProm84626
518,Ryan Kimball,@RyanKimball13
519,Justin Spaulding,@Pilotplumbing
520,Robert Grass,@RobertG80994529
521,Edge Runner,@Sandevistan27
522,Tuna Han Yurtseven,@Geridenberiden
523,Dylan Parks,@xdylanux
524,Lucas Franco,@unutoiul
525,Cobus,@felixdixie
526,zinhle zama,@OsasInvestor
527,NjT,@TankerMindSet
528,Gary Fears,@Fears2Gary
529,Bob,@Bob83345109
530,Space Society,@_SpaceSociety
531,kalwecaramalac,@kalwecaramalac
532,Brayden Matthews,@BTMReserch
533,Keba,@keba_exe
534,promise baadom,@BaadomProm84626
535,Ryan Kimball,@RyanKimball13
536,Nandita Kohli,@NanditaKohli1
537,Eduardo A.,@eduavelar12
538,Roy the rocket,@IntroverRickD99
539,Nichole Juicie,@JuicieNich8
540,Thoth L.,@thoth_l
541,turgut yÄ±ldÄ±z,@turguty68022187
542,Tomy,@DarkoTomovic89
543,Eren,@xl3xonn0
544,AGYA PAL SINGH,@AGYAPAL83601645
545,jainam vora,@Jainamvora65
546,Yoke Lace,@loloyskiptech
547,sue,@sue93390200
548,Susan Neumann,@SusanNe53360278
549,Jakub Kosikowski,@jkosikowski20
550,Emmanuel David,@Emmanue59288861
551,Ø²ÙŠØ¯ Ø§Ù„ØªØ¯Ù…Ø±ÙŠ,@fyslkhlfalsalh
552,Grafton Baxter,@GraftonBaxter
553,7th,@7thShadow
554,Lolipoppce,@lolipoppce
555,Enter Omega,@EnterOmega
556,å…«åç”° å®Ÿ,@makotoyasoda100
557,Roy the rocket,@IntroverRickD99
558,Nichole Juicie,@JuicieNich8
559,Thoth L.,@thoth_l
560,turgut yÄ±ldÄ±z,@turguty68022187
561,Tomy,@DarkoTomovic89
562,Eren,@xl3xonn0
563,AGYA PAL SINGH,@AGYAPAL83601645
564,jainam vora,@Jainamvora65
565,Yoke Lace,@loloyskiptech
566,sue,@sue93390200
567,Susan Neumann,@SusanNe53360278
568,Jakub Kosikowski,@jkosikowski20
569,Emmanuel David,@Emmanue59288861
570,Ø²ÙŠØ¯ Ø§Ù„ØªØ¯Ù…Ø±ÙŠ,@fyslkhlfalsalh
571,Grafton Baxter,@GraftonBaxter
572,7th,@7thShadow
573,Lolipoppce,@lolipoppce
574,Enter Omega,@EnterOmega
575,MomentumTrader,@MomentumInves
576,Said,@BossCat1980
577,Tweaterjwl8r,@tweaterjwl12856
578,J J,@JJulyanj1
579,Brayden Beck,@brayden_beck15
580,VladimÃ­r KremlÃ­k,@KremlikVladimir
581,Tom Omer,@trustytomo
582,bigman8803,@bigman8803
583,sincerely.reece,@sincerelyreece_
584,Paco LeÃ³n,@pacoleon11
585,Jake,@jakestirzel
586,"Greaves Company, Inc. / sales@greavesco.com",@GreavesCompany
587,lxy,@lxy30722976
588,Jaim Bourg,@JaimBourg
589,Admiral Chungus,@admiralchungus
590,Chris VW,@chris_vw24
591,Benjamin Trotter,@B3n_k3nobi
592,Antonio,@Antonio18999985
593,.,@PeaceFrogHunter
594,,@T1213793
595,Nandita Kohli,@NanditaKohli1
596,Tweaterjwl8r,@tweaterjwl12856
597,J J,@JJulyanj1
598,Brayden Beck,@brayden_beck15
599,VladimÃ­r KremlÃ­k,@KremlikVladimir
600,Tom Omer,@trustytomo
601,bigman8803,@bigman8803
602,sincerely.reece,@sincerelyreece_
603,Paco LeÃ³n,@pacoleon11
604,Jake,@jakestirzel
605,"Greaves Company, Inc. / sales@greavesco.com",@GreavesCompany
606,lxy,@lxy30722976
607,Jaim Bourg,@JaimBourg
608,Admiral Chungus,@admiralchungus
609,Chris VW,@chris_vw24
610,Benjamin Trotter,@B3n_k3nobi
611,Antonio,@Antonio18999985
612,.,@PeaceFrogHunter
613,,@T1213793
614,Caraxes,@thebloodwyrm01
615,R. Worman,@gator6973
616,Tameva,@bhomapra108
617,IDK,@Asgacavd
618,Magnum Force,@magnumforce316
619,Bearded Drone,@BeardedDrone
620,Michael L Fox,@MFoxMizzoufan1
621,ã¾ãŸã“ã†ãã‚“,@matakoson
622,Ritik Bhardwaj,@hritik_596
623,Lovia,@sylvialoops
624,InSequence Inc.,@InSequenceInc
625,Tyler Beglin,@beglin_tyler
626,Carlo36,@KarolWojcieszak
627,ys_colt,@isochronal9_8
628,Zc95,@Zc953
629,Arsal Rashid,@ArsalRashid
630,Kae'Rell Gregg-Johnson,@RellKae
631,Alex,@aleksdebarry
632,Yes I'm Yu,@lohit_16
633,rszalkowski,@rszalkowski2
634,MomentumTrader,@MomentumInves
635,Said,@bhomapra108
636,IDK,@Asgacavd
637,Magnum Force,@magnumforce316
638,Bearded Drone,@BeardedDrone
639,Michael L Fox,@MFoxMizzoufan1
640,ã¾ãŸã“ã†ãã‚“,@matakoson
641,Ritik Bhardwaj,@hritik_596
642,Lovia,@sylvialoops
643,InSequence Inc.,@InSequenceInc
644,Tyler Beglin,@beglin_tyler
645,Carlo36,@KarolWojcieszak
646,ys_colt,@isochronal9_8
647,Zc95,@Zc953
648,Arsal Rashid,@ArsalRashid
649,Kae'Rell Gregg-Johnson,@RellKae
650,Alex,@aleksdebarry
651,Yes I'm Yu,@lohit_16
652,rszalkowski,@rszalkowski2
653,jules,@Jules_zoinks
654,Khushboo,@khushi24u
655,ã¦ãèŒ¶,@tekicha0114
656,chendo419,@chendo_419
657,Ricardo Bento,@physicist6
658,Otto,@Ottonursamat
659,Tattyan(Tachan),@Tattyan_03
660,Kent Walker,@kentflies00
661,M,@not_marcus4_
662,Zohaib Naeem Rehman,@Fitness_Item
663,Lois Laina,@lois_laina
664,RattenkÃ¶nig,@Rattenkoenig77
665,Available Maybe,@MaybeAvailable
666,Akshat Jain,@akshatjain61
667,Ritchie V,@RitchieV246
668,Theking KP,@ThekingKPYT
669,BenHawk,@TheGeniusHawk
670,Bitsnbytes,@Bitsnby36968052
671,ClydeFromFlorida,@zay42279545
672,bangladess,@alpen4584622300
673,R. Worman,@gator6973
674,Tameva,@tekicha0114
675,chendo419,@chendo_419
676,Ricardo Bento,@physicist6
677,Otto,@Ottonursamat
678,Tattyan(Tachan),@Tattyan_03
679,Kent Walker,@kentflies00
680,M,@not_marcus4_
681,Zohaib Naeem Rehman,@Fitness_Item
682,Lois Laina,@lois_laina
683,RattenkÃ¶nig,@Rattenkoenig77
684,Available Maybe,@MaybeAvailable
685,Akshat Jain,@akshatjain61
686,Ritchie V,@RitchieV246
687,Theking KP,@ThekingKPYT
688,BenHawk,@TheGeniusHawk
689,Bitsnbytes,@Bitsnby36968052
690,ClydeFromFlorida,@zay42279545
691,bangladess,@alpen4584622300
692,gaye,@gaye74762979872
693,Keyur Pande,@KeyurPande
694,Kristin Lacey Rose,@TechieCorgis
695,Joe Caraccio,@JoeAcaraccio
696,Bulldogs 73,@73Bulldogs
697,JP,@j0_rd4
698,A,@alyaraba
699,adel almansuori,@ADEL_ALMANSUORI
700,lhtlht,@LaurentHaustant
701,Qcrypt-Digital-Technologies s.r.o.,@MeetMe_Plus
702,Qi,@Qjunqii
703,Mufatius,@ShockWingHD1
704,Samir kr.gope,@Samirkrgope1
705,Drainfish,@Drainfish159473
706,Deronias,@Kanna_Akizuki_
707,Julieta Denyse,@DenyseJulieta
708,respiro 4k,@tuhmuettoxd
709,Uzmer,@vic71236
710,abrahamsonian,@iaoabra
711,The School Outreach Company,@TSOCompany
712,Khushboo,@khushi24u
713,Joe Caraccio,@JoeAcaraccio
714,Bulldogs 73,@73Bulldogs
715,JP,@j0_rd4
716,A,@alyaraba
717,adel almansuori,@ADEL_ALMANSUORI
718,lhtlht,@LaurentHaustant
719,Qcrypt-Digital-Technologies s.r.o.,@MeetMe_Plus
720,Qi,@Qjunqii
721,Mufatius,@ShockWingHD1
722,Samir kr.gope,@Samirkrgope1
723,Drainfish,@Drainfish159473
724,Deronias,@Kanna_Akizuki_
725,Julieta Denyse,@DenyseJulieta
726,respiro 4k,@tuhmuettoxd
727,Uzmer,@vic71236
728,abrahamsonian,@iaoabra
729,The School Outreach Company,@TSOCompany
730,Luuuukas,@Lukas131EX
731,Times Young Organization,@prasetyopeuru
732,Red birb,@Red_Birb_
733,Nobody,@Nessuno37
734,Magnus Ekbom,@EkbomMagnus
735,Naeemahmedabbasi672@gmail.com,@Naeemahmed51244
736,,@VacheRouge
737,U.S Department of the Treasury,@FogellMclovinI
738,blackshark.ai,@AiBlackshark
739,REDACTED,@hamoumtaz2022
740,Ethan Morris,@EthanMorrs
741,Deniz Akinci,@ZugaDeniz
742,Giuseppe Tarallo,@tagiuseppe
743,Pascale Gani Sutantio,@ieatlostofbeans
744,Stone,@Stonebutschke
745,junmitianhuaban,@junmitianhuaban
746,Alleny,@allen332699
747,Johnny Kellz,@RealJohnnyKellz
748,Bellil Hazem,@HazemBellil
749,Rickmarcuse,@Rickmarcuse1
